name,age,email,phone,salary,city
Sneha Sharma,,sneha.sharma18@gmail.com,N/A,28019.35,Hyderabad
Swati Verma,22,swati.verma21@hotmail.com,+91 9266944844,97531.94,Kolkata
Ananya Kumar,40,ananya.kumar80@outlook.com,abcdefg,98441.49,Hyderabad
Aditya Kumar,32,aditya.kumar32@yahoo.com,,85799.98,Pune
Vikram Bose,42,vikram.bose64@hotmail.com,+91 9790256940,50163.62,Jaipur
Arjun Malhotra,53,arjun.malhotra7@gmail.com,+91 9271779360,,Lucknow
Amit Verma,,amit.verma56@yahoo.com,+91 9875340444,50021.96,Bangalore
Rahul Mehta,55,rahul.mehta77@outlook.com,,108478.58,Chennai
Amit Gupta,30,amit.gupta71@yahoo.com,+91 9751325257,45120.83,Hyderabad
,26,meera.rao76@yahoo.com,123,46749.47,Pune
Swati Bose,52,,+91 9204078666,58658.27,Mumbai
Meera Joshi,34,meera.joshi18@hotmail.com,,,Jaipur
Meera Mehta,48,meera.mehta28@hotmail.com,+91 9276777762,118604.34,Ahmedabad
,37,aarav.gupta96@gmail.com,+91 9526324454,31060.28,Jaipur
,35,vikram.shah75@gmail.com,,,Bangalore
Sneha Singh,28,sneha.singh69@outlook.com,+91 9383614547,71130.56,Mumbai
Ananya Singh,37,ananya.singh6@gmail.com,+91 9726713347,55055.14,Pune
Rohit Sharma,51,user@,+91 9643189555,113659.64,Hyderabad
Nisha Sharma,41,nisha.sharma14@yahoo.com,+91 9214929002,39767.55,Hyderabad
Priya Kumar,49,,+91 9240466536,49885.75,Jaipur
Priya Iyer,31,priya.iyer6@outlook.com,+91 9954829815,28790.01,Hyderabad
Meera Mehta,33,,+91 9456681425,64112.75,Hyderabad
Pooja Iyer,41,user@,+91 9527849588,107113.53,
Aditya Mehta,,aditya.mehta45@outlook.com,+91 9649136331,110452.95,Mumbai
Vikram Iyer,999,vikram.iyer80@outlook.com,+91 9233815413,53530.62,Kolkata
Kavya Chauhan,41,kavya.chauhan1@outlook.com,+91 9561588882,82632.85,Ahmedabad
Rohit Shah,54,user@,,101623.47,Mumbai
Arjun Rao,31,,+91 9720005941,84642.22,Delhi
Vikram Pillai,53,vikram.pillai19@gmail.com,,98949.94,Jaipur
Nisha Kapoor,42,nisha.kapoor57@hotmail.com,+91 9688273030,40120.0,Ahmedabad
,26,aditya.bhat31@outlook.com,abcdefg,46969.84,Hyderabad
Swati Sharma,46,swati.sharma46@outlook.com,+91 9997356828,96013.99,Lucknow
Ananya Mehta,51,ananya.mehta80@gmail.com,+91 9735540030,27574.69,Bangalore
Ananya Verma,48,user@.com,,58246.23,Mumbai
Vikram Joshi,26,vikram.joshi57@hotmail.com,+91 9591285126,65617.79,Lucknow
Sneha Bose,,,+91 9752027025,93243.94,Bangalore
Ananya Joshi,26,@domain.com,+91 9834717549,36500.23,Mumbai
Ravi Singh,49,ravi.singh82@hotmail.com,+91 9567600762,74565.94,Lucknow
Meera Kumar,39,meera.kumar32@hotmail.com,+91 9817461907,27726.5,Bangalore
Amit Sharma,,amit.sharma11@yahoo.com,+91 9624606470,47830.77,Ahmedabad
Rahul Desai,55,rahul.desai96@outlook.com,+91 9587205269,48883.35,Hyderabad
,,aditya.bose13@yahoo.com,+91 9487493096,26344.09,Chennai
Sneha Sharma,,sneha.sharma57@outlook.com,,106863.68,Delhi
Divya Kumar,37,divya.kumar98@hotmail.com,+91 9949051496,,Ahmedabad
Sneha Joshi,35,sneha.joshi11@yahoo.com,123,63809.17,Ahmedabad
Aditya Bose,34,aditya.bose70@yahoo.com,+91 9385220694,31783.93,Chennai
Ananya Verma,,ananya.verma57@gmail.com,+91 9563887247,-99999,Lucknow
Kavya Desai,55,,+91 9568027936,71713.95,Pune
Ananya Kapoor,,ananya.kapoor41@outlook.com,+91 9929517022,73886.64,Jaipur
Priya Joshi,39,,+91 9620455331,117448.95,Hyderabad
Pooja Iyer,41,user@,+91 9527849588,107113.53,
Sneha Bhat,29,sneha.bhat20@hotmail.com,+91 9413383963,50975.37,Ahmedabad
Rohit Verma,48,rohit.verma65@outlook.com,+91 9403696046,104560.21,Ahmedabad
Kiran Joshi,,plaintext,+91 9857232668,61216.96,Bangalore
Pooja Singh,55,pooja.singh2@yahoo.com,+91 9803066091,32108.68,Chennai
Ananya Verma,,ananya.verma57@gmail.com,+91 9563887247,-99999,Lucknow
Ananya Nair,53,ananya.nair5@gmail.com,,119755.46,Kolkata
Aarav Patel,,aarav.patel38@outlook.com,+91 9256304376,64144.92,Bangalore
Arjun Rao,51,arjun.rao59@outlook.com,+91 9963968184,52325.01,Delhi
Divya Joshi,46,divya.joshi14@yahoo.com,+91 9485429460,,Kolkata
Ravi Shah,36,ravi.shah46@yahoo.com,+91 9766676815,96779.85,Bangalore
Arjun Kumar,40,arjun.kumar54@yahoo.com,+91 9944511703,117291.51,Chennai
Aarav Kumar,34,,N/A,29810.58,Kolkata
Kiran Singh,51,,+91 9877621770,62754.09,Jaipur
Aditya Bose,46,aditya.bose48@gmail.com,phone,56160.6,
Priya Shah,53,priya.shah31@yahoo.com,+91 9498370582,95598.31,Kolkata
,45,aditya.patel57@yahoo.com,+91 9206681214,59896.82,Pune
Vikram Chauhan,,vikram.chauhan32@yahoo.com,,44679.95,Hyderabad
Rohit Kumar,32,rohit.kumar41@outlook.com,+91 9862822145,86241.21,Ahmedabad
Arjun Kapoor,,arjun.kapoor15@gmail.com,,,Bangalore
Rahul Malhotra,28,rahul.malhotra29@gmail.com,,68514.04,Mumbai
Rohit Nair,,rohit.nair80@outlook.com,+91 9741444618,68102.96,Delhi
Suresh Bhat,36,,,54689.74,Bangalore
Rahul Gupta,25,rahul.gupta72@outlook.com,+91 9541102414,88207.35,Mumbai
Meera Singh,44,,+91 9716435189,65765.68,Lucknow
,45,aditya.patel57@yahoo.com,+91 9206681214,59896.82,Pune
Kavya Verma,41,kavya.verma45@gmail.com,+91 9253815116,63074.51,Mumbai
Kiran Bose,27,kiran.bose20@yahoo.com,+91 9153432064,50849.77,Ahmedabad
Swati Desai,55,,abcdefg,53634.84,Bangalore
Amit Rao,54,notanemail,123,106900.45,Lucknow
Deepak Bhat,45,,+91 9529979713,62597.84,Pune
Rahul Iyer,31,rahul.iyer19@outlook.com,+91 9746820987,0.01,Ahmedabad
Deepak Nair,42,,+91 9425150964,,Delhi
Rohit Chauhan,,,+91 9969533218,42882.75,Jaipur
Nisha Mehta,24,,+91 9754773573,60420.94,Kolkata
Amit Pillai,40,,+91 9725711790,112090.91,Kolkata
Arjun Malhotra,,,+91 9293555835,57464.57,Hyderabad
Nisha Patel,,nisha.patel80@yahoo.com,+91 9265627642,103977.78,Bangalore
Pooja Rao,37,pooja.rao61@yahoo.com,+91 9712483158,68859.6,Kolkata
Priya Desai,45,priya.desai14@gmail.com,+91 9919390458,67685.33,Kolkata
Ananya Malhotra,45,ananya.malhotra11@outlook.com,+91 9442185272,104721.75,Bangalore
Divya Bhat,55,divya.bhat44@hotmail.com,,110631.46,Hyderabad
Pooja Chauhan,22,pooja.chauhan3@outlook.com,+91 9260545470,94087.3,Delhi
Rohit Singh,53,rohit.singh3@yahoo.com,+91 9412750915,83406.91,Kolkata
Nisha Kapoor,23,,+91 9500830389,26543.01,Pune
Rahul Kapoor,,rahul.kapoor23@hotmail.com,,9999999,Mumbai
Amit Desai,150,amit.desai37@outlook.com,+91 9151329185,56532.85,Pune
Ravi Iyer,55,user@.com,+91 9982982227,52907.81,Pune
Priya Iyer,49,priya.iyer8@gmail.com,,,Mumbai
Rahul Iyer,46,rahul.iyer5@yahoo.com,+91 9498320110,,Jaipur
Nisha Pillai,,nisha.pillai34@hotmail.com,+91 9756998124,112065.5,Delhi
Rohit Bhat,,rohit.bhat31@yahoo.com,+91 9731278472,,Kolkata
Swati Gupta,25,swati.gupta24@hotmail.com,+91 9705165937,108458.35,Chennai
Kiran Iyer,,kiran.iyer38@outlook.com,,91520.83,
Amit Bose,45,amit.bose71@yahoo.com,,119961.53,
Pooja Malhotra,44,pooja.malhotra71@yahoo.com,+91 9238548086,-99999,Jaipur
Divya Kumar,38,divya.kumar71@outlook.com,+91 9425155441,33875.7,Lucknow
Swati Patel,23,swati.patel83@outlook.com,+91 9923515952,0.01,Jaipur
Rohit Patel,,rohit.patel62@hotmail.com,+91 9751396498,106841.08,Pune
Aditya Bhat,37,aditya.bhat7@outlook.com,+91 9760756497,116455.16,Pune
Divya Desai,23,divya.desai51@hotmail.com,+91 9331009561,29622.52,Lucknow
Aditya Iyer,47,aditya.iyer52@gmail.com,+91 9309009538,52417.16,Ahmedabad
Ananya Iyer,43,ananya.iyer47@yahoo.com,+91 9646666136,0.01,Pune
Kiran Mehta,,kiran.mehta95@outlook.com,,75572.28,Chennai
Aarav Chauhan,52,,+91 9726553348,74802.07,
Kiran Reddy,31,kiran.reddy27@hotmail.com,+91 9756569565,107917.68,Mumbai
Kavya Bhat,43,kavya.bhat87@outlook.com,+91 9306442077,51505.61,Chennai
,29,,+91 9523625992,115687.84,Chennai
Sneha Chauhan,46,user@,+91 9723594774,-99999,Bangalore
Sneha Rao,0,sneha.rao32@gmail.com,+91 9511221078,42001.29,Mumbai
Vikram Joshi,,vikram.joshi90@outlook.com,+91 9761078179,0.01,Hyderabad
Aarav Kapoor,32,aarav.kapoor61@hotmail.com,+91 9911653317,,Delhi
Suresh Mehta,24,suresh.mehta51@hotmail.com,+91 9904236062,112973.77,Mumbai
,30,nisha.desai60@outlook.com,+91 9220953538,94456.33,Bangalore
Ananya Reddy,54,ananya.reddy52@gmail.com,+91 9250980852,9999999,Hyderabad
Rahul Rao,25,rahul.rao60@outlook.com,+91 9836665942,110036.25,Chennai
Ravi Gupta,51,ravi.gupta78@outlook.com,+91 9689736058,96948.3,Hyderabad
Rahul Kumar,150,rahul.kumar74@yahoo.com,+91 9658712474,89628.05,Ahmedabad
Ravi Kapoor,51,ravi.kapoor1@yahoo.com,+91 9787790914,69891.41,Chennai
Priya Kapoor,,priya.kapoor40@gmail.com,abcdefg,9999999,Delhi
Kavya Gupta,48,,+91 9505333621,89859.38,Jaipur
Meera Sharma,23,,+91 9984076542,68759.4,Hyderabad
Aarav Rao,0,aarav.rao58@gmail.com,+91 9147498828,47262.23,Mumbai
Kiran Rao,,kiran.rao85@yahoo.com,phone,108572.82,Kolkata
Suresh Reddy,31,suresh.reddy24@hotmail.com,,92219.8,Mumbai
Rohit Bhat,45,plaintext,+91 9823349713,0.01,Jaipur
Vikram Singh,52,vikram.singh90@yahoo.com,+91 9356979659,98673.82,Jaipur
Ravi Nair,35,ravi.nair53@gmail.com,+91 9337591250,26540.89,Lucknow
Ravi Kapoor,43,ravi.kapoor63@hotmail.com,+91 9886808192,41080.24,Ahmedabad
Divya Desai,28,divya.desai78@gmail.com,+91 9987387141,76168.71,Delhi
Rohit Patel,22,,+91 9109815572,0.01,
Aditya Kapoor,-5,aditya.kapoor23@gmail.com,+91 9663054538,43233.55,Pune
Kavya Gupta,48,,+91 9505333621,89859.38,Jaipur
Meera Shah,27,plaintext,+91 9504982743,-99999,Delhi
Nisha Patel,36,,+91 9179830621,51635.44,Mumbai
Ananya Kumar,41,,+91 9680424495,96782.88,Delhi
Deepak Chauhan,47,deepak.chauhan42@gmail.com,,71607.33,Kolkata
Rohit Kumar,39,rohit.kumar92@yahoo.com,+91 9440030663,33694.44,Ahmedabad
Suresh Singh,23,suresh.singh71@gmail.com,+91 9942284665,61597.6,Kolkata
Ananya Mehta,30,ananya.mehta35@hotmail.com,+91 9279537578,65004.72,Delhi
Arjun Shah,22,arjun.shah43@hotmail.com,+91 9453842723,65908.54,Lucknow
Kiran Shah,53,kiran.shah32@outlook.com,+91 9976704309,59676.48,Hyderabad
Vikram Bhat,,vikram.bhat9@hotmail.com,+91 9249442440,47992.01,Kolkata
Suresh Kapoor,24,user@,+91 9806094391,40802.16,Lucknow
Aarav Singh,,,+91 9519977113,89557.77,Bangalore
,41,,+91 9204821934,91192.51,Chennai
Meera Malhotra,33,meera.malhotra43@hotmail.com,+91 9348952994,84827.23,
Vikram Joshi,39,vikram.joshi9@gmail.com,+91 9676480186,55968.57,Chennai
Sneha Iyer,44,,+91 9858049231,112274.85,Bangalore
,46,,,42774.37,Lucknow
Nisha Desai,48,nisha.desai54@hotmail.com,+91 9188766909,100608.68,Mumbai
Amit Malhotra,29,amit.malhotra35@outlook.com,N/A,,Delhi
Rohit Bhat,,rohit.bhat31@yahoo.com,+91 9731278472,,Kolkata
Aditya Chauhan,32,aditya.chauhan91@outlook.com,,73869.42,Delhi
Arjun Rao,31,,+91 9720005941,84642.22,Delhi
Rahul Bhat,53,rahul.bhat1@gmail.com,+91 9592256138,91242.45,Jaipur
Amit Bose,30,amit.bose63@outlook.com,,84487.05,Mumbai
Arjun Shah,,,abcdefg,,Hyderabad
Nisha Bhat,999,nisha.bhat16@hotmail.com,N/A,33486.45,Delhi
Arjun Kumar,55,,,96085.54,Lucknow
Ananya Iyer,49,ananya.iyer18@yahoo.com,+91 9190461372,82094.91,Chennai
Nisha Joshi,,nisha.joshi7@yahoo.com,+91 9221057584,-99999,Pune
Ravi Kumar,23,ravi.kumar2@outlook.com,+91 9164927936,62807.63,Jaipur
Suresh Shah,50,suresh.shah82@outlook.com,+91 9301792175,42550.92,
Rohit Shah,27,rohit.shah27@yahoo.com,+91 9519544755,97506.29,Delhi
Sneha Bhat,,user@,N/A,115536.54,Chennai
Aarav Nair,49,aarav.nair9@outlook.com,+91 9719175016,72134.02,Mumbai
Sneha Rao,0,sneha.rao32@gmail.com,+91 9511221078,42001.29,Mumbai
Kiran Verma,26,kiran.verma16@gmail.com,,29363.22,Ahmedabad
Divya Bose,41,,+91 9629741991,98709.17,Jaipur
Aarav Nair,,user@.com,+91 9355730504,116312.58,Bangalore
Rahul Bhat,27,rahul.bhat65@yahoo.com,phone,30916.87,Bangalore
Kiran Iyer,25,kiran.iyer59@outlook.com,+91 9765460052,93082.52,Ahmedabad
Kiran Bhat,39,kiran.bhat26@yahoo.com,+91 9727825475,35037.49,Pune
Sneha Kumar,32,sneha.kumar39@gmail.com,+91 9451965766,,Kolkata
Pooja Kapoor,37,pooja.kapoor14@yahoo.com,+91 9166216779,118343.89,Kolkata
Rahul Bhat,53,rahul.bhat1@gmail.com,+91 9592256138,91242.45,Jaipur
Aarav Kumar,34,,N/A,29810.58,Kolkata
Kavya Verma,,kavya.verma20@gmail.com,+91 9762474187,53034.99,Jaipur
Meera Kapoor,,meera.kapoor92@outlook.com,,111704.32,Kolkata
Ravi Malhotra,44,user@,+91 9386181187,100167.54,Hyderabad
Meera Bose,42,meera.bose90@outlook.com,+91 9130286569,58409.8,Bangalore
,,user@.com,+91 9316320731,57372.11,Pune
Rahul Kumar,45,rahul.kumar85@hotmail.com,+91 9461379699,37962.91,Kolkata
Deepak Iyer,36,deepak.iyer23@hotmail.com,,0.01,Lucknow
Deepak Rao,28,deepak.rao19@outlook.com,+91 9355546183,,Delhi
Rohit Iyer,38,plaintext,+91 9886606608,40802.15,Kolkata
Meera Mehta,50,,abcdefg,109353.47,Delhi
Aarav Reddy,32,@domain.com,,63881.59,Jaipur
Arjun Patel,0,arjun.patel38@hotmail.com,+91 9127633490,85628.11,Ahmedabad
Amit Pillai,33,amit.pillai49@outlook.com,,69180.51,Chennai
Suresh Bose,36,suresh.bose50@hotmail.com,,70108.32,Ahmedabad
,31,swati.chauhan97@hotmail.com,+91 9279491823,101803.77,Kolkata
Kiran Kumar,27,,+91 9658010933,107979.29,Lucknow
,37,pooja.rao88@outlook.com,+91 9954920307,61658.21,Chennai
Sneha Singh,28,sneha.singh69@outlook.com,+91 9383614547,71130.56,Mumbai
Rohit Patel,,rohit.patel62@hotmail.com,+91 9751396498,106841.08,Pune
Amit Sharma,,amit.sharma11@yahoo.com,+91 9624606470,47830.77,Ahmedabad
Kiran Rao,25,@domain.com,+91 9433879270,71703.83,Delhi
Suresh Chauhan,27,suresh.chauhan28@hotmail.com,+91 9915499713,-99999,
Vikram Joshi,,,+91 9856594938,59993.43,Kolkata
Ravi Bose,44,ravi.bose34@gmail.com,phone,,Hyderabad
Aarav Desai,30,aarav.desai77@gmail.com,+91 9753204271,54018.67,Chennai
Deepak Pillai,999,deepak.pillai72@outlook.com,+91 9216076355,56946.95,Pune
Meera Patel,,meera.patel88@yahoo.com,+91 9803731001,53082.44,Kolkata
Meera Kapoor,52,meera.kapoor86@outlook.com,+91 9282521788,108267.0,Delhi
Kiran Kumar,36,kiran.kumar96@outlook.com,+91 9455749066,,Delhi
Sneha Malhotra,38,sneha.malhotra74@outlook.com,+91 9504886868,98146.88,Ahmedabad
Nisha Singh,46,nisha.singh53@gmail.com,+91 9261897130,44028.18,
Kiran Mehta,42,kiran.mehta1@hotmail.com,+91 9917325063,79746.5,
Amit Joshi,45,notanemail,+91 9772899961,46495.24,Chennai
Divya Bhat,55,divya.bhat44@hotmail.com,,110631.46,Hyderabad
Vikram Sharma,,vikram.sharma47@gmail.com,+91 9787539531,-99999,Delhi
Ravi Gupta,35,ravi.gupta81@gmail.com,+91 9810456933,74429.38,Bangalore
Ravi Joshi,34,ravi.joshi67@yahoo.com,,,Hyderabad
Swati Desai,,swati.desai66@gmail.com,+91 9208759822,86212.0,Chennai
Kiran Reddy,29,user@,+91 9812272035,56222.78,Lucknow
Pooja Verma,46,pooja.verma62@hotmail.com,+91 9955675121,37588.6,Bangalore
,23,rahul.chauhan94@yahoo.com,+91 9624117847,9999999,Pune
Kiran Malhotra,55,kiran.malhotra80@gmail.com,+91 9880236611,,Kolkata
Nisha Desai,53,nisha.desai10@hotmail.com,+91 9455295629,29783.32,Kolkata
Pooja Nair,29,plaintext,+91 9138474240,25016.12,Lucknow
Pooja Iyer,27,pooja.iyer78@yahoo.com,,97874.04,Delhi
Kiran Iyer,25,kiran.iyer59@outlook.com,+91 9765460052,93082.52,Ahmedabad
Divya Kapoor,55,divya.kapoor14@gmail.com,+91 9628734252,93101.33,Delhi
,28,vikram.nair6@gmail.com,+91 9583725630,80985.04,Ahmedabad
Kavya Bose,33,kavya.bose17@gmail.com,+91 9744831376,55575.16,Kolkata
Pooja Gupta,30,pooja.gupta90@outlook.com,+91 9688202182,92628.06,Hyderabad
Kavya Malhotra,42,kavya.malhotra98@outlook.com,+91 9725783470,,Jaipur
,39,,+91 9257226287,90606.51,Jaipur
Amit Pillai,,amit.pillai90@outlook.com,+91 9150444260,61817.69,Pune
Pooja Rao,45,,,41855.46,Bangalore
Kavya Bose,,@domain.com,phone,105098.3,Lucknow
Ravi Bose,44,ravi.bose34@gmail.com,phone,,Hyderabad
Nisha Mehta,48,nisha.mehta52@gmail.com,+91 9329086910,,Lucknow
,37,pooja.rao88@outlook.com,+91 9954920307,61658.21,Chennai
Divya Joshi,42,,+91 9930344435,0.01,Hyderabad
Suresh Kumar,999,user@,+91 9952781636,31692.0,Chennai
Kiran Iyer,,kiran.iyer38@outlook.com,,91520.83,
Aarav Chauhan,26,aarav.chauhan75@gmail.com,+91 9177942327,72769.51,
Amit Verma,,amit.verma56@yahoo.com,+91 9875340444,50021.96,Bangalore
Kavya Kapoor,,kavya.kapoor51@outlook.com,+91 9254699931,,Pune
Ananya Kapoor,27,ananya.kapoor96@outlook.com,+91 9793563667,38533.24,Lucknow
Amit Bhat,26,user@.com,+91 9623116712,58928.14,Hyderabad
Priya Nair,44,priya.nair58@yahoo.com,+91 9230448918,63433.42,Bangalore
Amit Mehta,40,amit.mehta87@hotmail.com,+91 9579887555,61201.74,Bangalore
Divya Bose,31,divya.bose47@outlook.com,abcdefg,99637.71,Kolkata
Divya Desai,28,divya.desai78@gmail.com,+91 9987387141,76168.71,Delhi
Swati Joshi,24,,+91 9259593453,,Chennai
Deepak Mehta,,deepak.mehta21@yahoo.com,+91 9707536579,116934.88,Ahmedabad
Vikram Malhotra,45,@domain.com,+91 9210837014,74530.43,Chennai
Kavya Chauhan,32,kavya.chauhan37@yahoo.com,+91 9860328560,88303.82,Hyderabad
Rohit Malhotra,38,rohit.malhotra29@hotmail.com,+91 9470475638,70800.46,Jaipur
,,kavya.iyer54@outlook.com,+91 9617024564,70507.01,
Swati Gupta,25,swati.gupta24@hotmail.com,+91 9705165937,108458.35,Chennai
Suresh Chauhan,,suresh.chauhan99@yahoo.com,,,Ahmedabad
Nisha Reddy,31,nisha.reddy23@hotmail.com,,72816.27,Ahmedabad
Suresh Malhotra,,suresh.malhotra6@hotmail.com,+91 9961463274,98023.81,Lucknow
Amit Reddy,,amit.reddy91@gmail.com,+91 9226517500,60627.84,Pune
Swati Iyer,39,swati.iyer51@yahoo.com,+91 9941586401,41978.36,Ahmedabad
Sneha Rao,50,,,101081.1,Mumbai
Suresh Kumar,26,,+91 9877920274,118522.57,Jaipur
Aarav Joshi,55,aarav.joshi5@yahoo.com,abcdefg,87226.82,Delhi
Rohit Kumar,40,rohit.kumar72@outlook.com,,,Kolkata
Sneha Malhotra,38,sneha.malhotra74@outlook.com,+91 9504886868,98146.88,Ahmedabad
,42,meera.rao46@gmail.com,+91 9382769582,33835.9,Pune
Vikram Desai,,vikram.desai31@outlook.com,+91 9317718930,,Delhi
Priya Desai,45,priya.desai64@outlook.com,+91 9920620417,,Lucknow
Kavya Bhat,29,kavya.bhat59@outlook.com,+91 9112691606,61045.66,Pune
Rahul Mehta,53,rahul.mehta54@outlook.com,+91 9530133026,42089.48,Lucknow
Vikram Gupta,31,vikram.gupta2@yahoo.com,+91 9244387866,105692.04,Pune
Priya Joshi,38,priya.joshi81@gmail.com,+91 9459334721,59229.13,Chennai
Amit Mehta,40,amit.mehta87@hotmail.com,+91 9579887555,61201.74,Bangalore
Rohit Kumar,32,rohit.kumar41@outlook.com,+91 9862822145,86241.21,Ahmedabad
,37,aarav.gupta96@gmail.com,+91 9526324454,31060.28,Jaipur
Rohit Pillai,41,rohit.pillai95@outlook.com,+91 9235733540,0.01,Pune
Pooja Gupta,33,pooja.gupta59@hotmail.com,+91 9786688228,111347.7,
Arjun Iyer,,arjun.iyer2@hotmail.com,+91 9612246868,97757.57,Lucknow
Kavya Pillai,46,kavya.pillai11@hotmail.com,+91 9654705830,111445.67,Chennai
Divya Singh,51,divya.singh35@hotmail.com,+91 9120825650,-99999,Chennai
Kiran Reddy,41,kiran.reddy64@outlook.com,123,105136.9,Mumbai
Ananya Sharma,29,ananya.sharma92@yahoo.com,+91 9575625690,119480.86,Delhi
Priya Kapoor,55,priya.kapoor62@outlook.com,,45689.88,
,52,priya.bose20@outlook.com,+91 9367063493,33683.15,Mumbai
Amit Iyer,50,amit.iyer3@hotmail.com,+91 9244667571,28751.41,Jaipur
Aditya Chauhan,150,aditya.chauhan58@outlook.com,+91 9681544961,25068.38,Kolkata
Rohit Kapoor,46,,+91 9265497448,55647.0,
Divya Joshi,46,divya.joshi14@yahoo.com,+91 9485429460,,Kolkata
Sneha Desai,,sneha.desai74@hotmail.com,+91 9664596387,-99999,Lucknow
,45,pooja.patel54@outlook.com,,-99999,Chennai
Vikram Malhotra,37,vikram.malhotra23@hotmail.com,+91 9922790554,59006.52,Kolkata
Deepak Bhat,44,deepak.bhat71@outlook.com,+91 9542750235,65905.87,Lucknow
Pooja Bhat,0,pooja.bhat37@gmail.com,abcdefg,,Chennai
Kiran Reddy,29,user@,+91 9812272035,56222.78,Lucknow
Ananya Kapoor,27,ananya.kapoor96@outlook.com,+91 9793563667,38533.24,Lucknow
Arjun Gupta,38,arjun.gupta75@yahoo.com,+91 9970884334,79196.28,Hyderabad
Swati Singh,-5,swati.singh11@gmail.com,+91 9459048149,,Delhi
Ananya Patel,41,ananya.patel41@yahoo.com,,29799.38,Kolkata
,45,pooja.patel54@outlook.com,,-99999,Chennai
Arjun Gupta,43,arjun.gupta74@gmail.com,phone,66276.66,Bangalore
Nisha Rao,37,nisha.rao56@outlook.com,N/A,65236.36,Pune
Pooja Chauhan,31,pooja.chauhan30@yahoo.com,+91 9267494290,106012.59,Mumbai
Sneha Shah,50,sneha.shah43@yahoo.com,+91 9327499388,74710.26,Ahmedabad
Nisha Patel,38,nisha.patel37@yahoo.com,+91 9763534625,69171.28,
Ananya Rao,46,ananya.rao91@gmail.com,,75498.26,Jaipur
Ravi Pillai,999,,+91 9638214657,30890.92,Kolkata
Ananya Gupta,,ananya.gupta67@yahoo.com,+91 9715145139,117201.03,Pune
Arjun Shah,55,arjun.shah56@yahoo.com,,55162.14,Delhi
Suresh Shah,50,suresh.shah82@outlook.com,+91 9301792175,42550.92,
Rohit Desai,,rohit.desai78@hotmail.com,,61808.73,Bangalore
Vikram Joshi,26,vikram.joshi57@hotmail.com,+91 9591285126,65617.79,Lucknow
Meera Kumar,22,meera.kumar53@yahoo.com,+91 9417602552,0.01,Chennai
Nisha Patel,55,nisha.patel59@gmail.com,+91 9363841612,62583.06,Jaipur
Divya Bhat,32,divya.bhat79@gmail.com,+91 9252728624,86379.64,Jaipur
Pooja Sharma,,,+91 9196829676,90713.16,Bangalore
Ananya Malhotra,32,ananya.malhotra49@gmail.com,+91 9459910894,87655.38,Bangalore
Kavya Singh,30,plaintext,+91 9635413025,25546.3,
,150,notanemail,+91 9816182084,82312.12,Delhi
Deepak Bose,33,,+91 9199993584,55668.08,Delhi
Divya Desai,,divya.desai97@yahoo.com,+91 9882267928,67000.03,Ahmedabad
Kiran Malhotra,48,kiran.malhotra90@yahoo.com,+91 9217362383,118038.24,Delhi
Kiran Verma,55,kiran.verma80@outlook.com,+91 9759588843,74372.05,Ahmedabad
Pooja Singh,,@domain.com,+91 9701741560,45172.1,Chennai
Kiran Nair,47,kiran.nair79@gmail.com,+91 9308322646,57104.0,Ahmedabad
Kiran Bhat,48,kiran.bhat8@outlook.com,+91 9828209159,75909.12,
Ananya Kapoor,,ananya.kapoor50@yahoo.com,+91 9940035404,92000.29,Mumbai
Nisha Shah,33,nisha.shah5@yahoo.com,+91 9576498805,100907.4,Bangalore
Sneha Malhotra,30,,+91 9660863541,0.01,
Divya Joshi,42,divya.joshi37@outlook.com,,36176.83,Chennai
Aditya Gupta,,aditya.gupta22@gmail.com,+91 9463718119,0.01,Mumbai
Pooja Chauhan,44,pooja.chauhan26@gmail.com,+91 9911472797,78939.98,Ahmedabad
Kavya Desai,55,,+91 9568027936,71713.95,Pune
,38,arjun.chauhan51@yahoo.com,+91 9814232253,106775.2,Ahmedabad
Deepak Bose,30,deepak.bose52@gmail.com,0000,,Kolkata
Swati Reddy,49,swati.reddy44@yahoo.com,phone,104491.08,
Sneha Chauhan,46,user@,+91 9723594774,-99999,Bangalore
,41,divya.bose56@outlook.com,,63398.75,Chennai
Arjun Kapoor,,arjun.kapoor15@gmail.com,,,Bangalore
Sneha Shah,23,sneha.shah90@hotmail.com,+91 9864261139,61248.68,Bangalore
Arjun Gupta,22,arjun.gupta3@yahoo.com,+91 9622591579,117622.63,Bangalore
Kavya Bhat,54,kavya.bhat58@hotmail.com,+91 9299491606,,
Ravi Iyer,,ravi.iyer89@gmail.com,,106638.31,Chennai
Rohit Kapoor,41,rohit.kapoor44@gmail.com,,79526.7,Pune
Swati Verma,,,+91 9804718104,101845.1,Chennai
Aditya Verma,22,aditya.verma78@yahoo.com,+91 9893460026,,Chennai
Arjun Chauhan,31,arjun.chauhan97@hotmail.com,+91 9355494114,93969.91,Lucknow
,41,ananya.desai97@yahoo.com,+91 9857640614,49949.39,Kolkata
Priya Singh,44,priya.singh56@outlook.com,+91 9386783352,49257.67,Ahmedabad
Kavya Nair,,kavya.nair9@gmail.com,,67364.51,Chennai
Vikram Chauhan,29,vikram.chauhan16@gmail.com,+91 9239486853,97566.49,Bangalore
Aditya Reddy,,aditya.reddy10@outlook.com,+91 9511027302,119616.06,Chennai
Sneha Gupta,,sneha.gupta83@gmail.com,+91 9868155245,,
Ananya Verma,,ananya.verma51@gmail.com,+91 9927844881,66425.48,Delhi
Rahul Nair,,rahul.nair81@gmail.com,N/A,97243.04,Hyderabad
Rahul Desai,27,rahul.desai57@yahoo.com,phone,47656.09,
Deepak Nair,42,,+91 9425150964,,Delhi
Kiran Patel,,user@.com,+91 9592171427,,Lucknow
Deepak Patel,37,deepak.patel17@gmail.com,,102970.23,Lucknow
Meera Kumar,34,meera.kumar95@hotmail.com,,38046.29,Hyderabad
Rahul Kapoor,,,+91 9949385932,83181.94,Mumbai
Divya Reddy,52,divya.reddy27@yahoo.com,,47729.11,Mumbai
Kiran Reddy,29,user@,+91 9812272035,56222.78,Lucknow
Suresh Sharma,37,suresh.sharma68@gmail.com,+91 9917255218,73216.37,Hyderabad
Kavya Mehta,999,kavya.mehta37@yahoo.com,+91 9458946122,109557.56,Delhi
Meera Bhat,42,meera.bhat96@outlook.com,+91 9218254268,34316.09,Hyderabad
Deepak Bhat,,deepak.bhat18@hotmail.com,+91 9778627510,50620.98,Mumbai
Kiran Rao,40,kiran.rao82@yahoo.com,+91 9693516844,,Ahmedabad
Kiran Malhotra,55,kiran.malhotra80@gmail.com,+91 9880236611,,Kolkata
,42,meera.rao29@yahoo.com,+91 9105452008,29201.3,Jaipur
Meera Kumar,22,meera.kumar53@yahoo.com,+91 9417602552,0.01,Chennai
Arjun Pillai,33,arjun.pillai48@hotmail.com,+91 9101464202,31716.37,Pune
Vikram Kumar,43,vikram.kumar8@outlook.com,+91 9219149420,9999999,Bangalore
Amit Singh,,amit.singh97@yahoo.com,+91 9916995018,58507.61,Kolkata
Amit Kapoor,40,amit.kapoor48@gmail.com,N/A,110304.86,Delhi
,48,aarav.shah70@yahoo.com,+91 9551111120,86245.02,Delhi
Kiran Desai,55,kiran.desai57@hotmail.com,,54117.03,Hyderabad
Kavya Chauhan,32,kavya.chauhan37@yahoo.com,+91 9860328560,88303.82,Hyderabad
Amit Chauhan,,amit.chauhan92@gmail.com,+91 9182034227,9999999,Chennai
Priya Nair,44,priya.nair58@yahoo.com,+91 9230448918,63433.42,Bangalore
Divya Desai,,divya.desai97@yahoo.com,+91 9882267928,67000.03,Ahmedabad
Pooja Iyer,27,pooja.iyer78@yahoo.com,,97874.04,Delhi
Aditya Gupta,,aditya.gupta22@gmail.com,+91 9463718119,0.01,Mumbai
Arjun Rao,51,arjun.rao59@outlook.com,+91 9963968184,52325.01,Delhi
Amit Desai,150,amit.desai37@outlook.com,+91 9151329185,56532.85,Pune
Kiran Chauhan,54,kiran.chauhan86@outlook.com,+91 9868760242,60114.85,Chennai
Suresh Bhat,40,suresh.bhat94@hotmail.com,+91 9544737192,80782.11,Hyderabad
Ananya Kumar,22,ananya.kumar35@hotmail.com,+91 9596197535,96748.16,Bangalore
Ravi Kapoor,51,ravi.kapoor1@yahoo.com,+91 9787790914,69891.41,Chennai
Rohit Chauhan,45,rohit.chauhan73@hotmail.com,+91 9774305616,,Pune
Arjun Iyer,999,@domain.com,+91 9668666911,32298.53,Bangalore
Divya Verma,45,,+91 9113848767,51734.69,Kolkata
Amit Chauhan,,amit.chauhan92@gmail.com,+91 9182034227,9999999,Chennai
Kavya Shah,23,kavya.shah16@yahoo.com,,,Bangalore
Suresh Patel,34,suresh.patel85@gmail.com,0000,88420.71,Delhi
Ravi Singh,49,ravi.singh82@hotmail.com,+91 9567600762,74565.94,Lucknow
Aditya Bose,44,aditya.bose65@yahoo.com,,97508.18,Hyderabad
Nisha Desai,45,nisha.desai24@hotmail.com,+91 9215238810,58708.12,Hyderabad
